Squad/Parts/Aero/circularIntake/CircluarIntakes.dds
Squad/Parts/Aero/fairings/AutoTruss.mu
Squad/Parts/Aero/fairings/fairingSize1.mu
Squad/Parts/Aero/fairings/fairingSize3.mu
Squad/Parts/Aero/HeatShield/HeatShield3.mu
Squad/Parts/Aero/protectiveRocketNoseMk7/model000.dds
Squad/Parts/Aero/protectiveRocketNoseMk7/model000.mu
Squad/Parts/Aero/wings/Wings.dds
Squad/Parts/Command/cupola/ksp_l_cupola_diff.dds
Squad/Parts/Command/cupola/ksp_l_cupola_diff.mu
Squad/Parts/Command/cupola/ksp_l_cupola_normal.dds
Squad/Parts/Command/cupola/ksp_l_cupola_normal.mu
Squad/Parts/Command/externalCommandSeat/model000.dds
Squad/Parts/Command/externalCommandSeat/model000.mu
Squad/Parts/Command/hitchhikerStorageContainer/cabin.dds
Squad/Parts/Command/hitchhikerStorageContainer/cabin.mu
Squad/Parts/Command/hitchhikerStorageContainer/cabin_n.dds
Squad/Parts/Command/hitchhikerStorageContainer/cabin_n.mu
Squad/Parts/Command/mk2CockpitStandard/Cockpit.dds
Squad/Parts/Command/mk2DroneCore/mk2Dronecore.cfg Squad/Parts/Command/mk2DroneCore/mk2Dronecore.dds
Squad/Parts/Command/mk3CockpitShuttle/Mk3CockpitShuttle.dds
Squad/Parts/Command/mk3CockpitShuttle/Mk3CockpitShuttle_LUM.dds
Squad/Parts/Command/probeCoreHex/ksp_m_hexProbe_diff.dds
Squad/Parts/Command/probeCoreHex/ksp_m_hexProbe_normal.dds
Squad/Parts/Command/probeRoverBody/model000.dds
Squad/Parts/Command/probeRoverBody/model000.mu
Squad/Parts/Command/probeStackLarge/model000.dds
Squad/Parts/Command/probeStackLarge/model000.mu
Squad/Parts/Command/probeStackLarge/model001.dds
Squad/Parts/Command/probeStackLarge/model001.mu
Squad/Parts/Command/probeStackSphere/model000.dds
Squad/Parts/Command/probeStackSphere/model000.mu
Squad/Parts/Electrical/3x2ShroudSolarPanels/model000.dds
Squad/Parts/Electrical/3x2ShroudSolarPanels/model000.mu
Squad/Parts/Electrical/3x2ShroudSolarPanels/model001.dds
Squad/Parts/Electrical/3x2ShroudSolarPanels/model001.mu
Squad/Parts/Electrical/3x2ShroudSolarPanels/model002.dds
Squad/Parts/Electrical/3x2ShroudSolarPanels/model002.mu
Squad/Parts/Electrical/radialFlatSolarPanel/model000.dds
Squad/Parts/Electrical/radialFlatSolarPanel/model000.mu
Squad/Parts/Electrical/RTG/model000.dds
Squad/Parts/Electrical/RTG/model000.mu
Squad/Parts/Electrical/z-100Battery/model000.dds
Squad/Parts/Electrical/z-100Battery/model000.mu
Squad/Parts/Engine/ionEngine/model.mu
Squad/Parts/Engine/jetEngines/turboFanSize2.mu
Squad/Parts/Engine/liquidEngine48-7S/ksp_m_liquidEngine_diff.dds
Squad/Parts/Engine/liquidEngine48-7S/ksp_m_liquidEngine_diff.mu
Squad/Parts/Engine/liquidEngine48-7S/ksp_m_liquidEngine_norm.dds
Squad/Parts/Engine/liquidEngine48-7S/ksp_m_liquidEngine_norm.mu
Squad/Parts/Engine/liquidEngineLV-N/model000.dds
Squad/Parts/Engine/liquidEngineLV-N/model000.mu
Squad/Parts/Engine/liquidEngineLV-N/model001.dds
Squad/Parts/Engine/liquidEngineLV-N/model001.mu
Squad/Parts/Engine/liquidEngineLV-N/model002.dds
Squad/Parts/Engine/liquidEngineLV-N/model002.mu
Squad/Parts/Engine/liquidEngineLV-N/model003.dds
Squad/Parts/Engine/liquidEngineLV-N/model003.mu
Squad/Parts/Engine/liquidEngineLV-T45/model000.dds
Squad/Parts/Engine/liquidEngineLV-T45/model000.mu
Squad/Parts/Engine/liquidEngineLV-T45/model001.dds
Squad/Parts/Engine/liquidEngineLV-T45/model001.mu
Squad/Parts/Engine/liquidEngineLV-T45/model002.dds
Squad/Parts/Engine/liquidEngineLV-T45/model002.mu
Squad/Parts/Engine/liquidEngineSkipper/ksp_l_midrangeEngine_diff.dds
Squad/Parts/Engine/liquidEngineSkipper/ksp_l_midrangeEngine_diff.mu
Squad/Parts/Engine/liquidEngineSkipper/ksp_l_midrangeEngine_emissive.dds
Squad/Parts/Engine/liquidEngineSkipper/ksp_l_midrangeEngine_emissive.mu
Squad/Parts/Engine/liquidEngineSkipper/ksp_l_midrangeEngine_normal.dds
Squad/Parts/Engine/liquidEngineSkipper/ksp_l_midrangeEngine_normal.mu
Squad/Parts/Engine/MassiveSRB/solid_booster_cm.dds
Squad/Parts/Engine/MassiveSRB/solid_booster_em.dds
Squad/Parts/Engine/MassiveSRB/solid_booster_nm.dds
Squad/Parts/Engine/miniJet/SmallJet.dds
Squad/Parts/Engine/Size2LFB/twin_nozzle_booster_cm.dds
Squad/Parts/Engine/Size2LFB/twin_nozzle_booster_nm.dds
Squad/Parts/Engine/Size3AdvancedEngine/Size3AdvancedEngineDiffuse.dds
Squad/Parts/Engine/Size3AdvancedEngine/Size3AdvancedEngineDiffuse.mu
Squad/Parts/Engine/Size3AdvancedEngine/Size3AdvancedEngineEmissive.dds
Squad/Parts/Engine/Size3AdvancedEngine/Size3AdvancedEngineEmissive.mu
Squad/Parts/Engine/Size3AdvancedEngine/Size3AdvancedEngineNormal.dds
Squad/Parts/Engine/solidBoosterBACC/model000.dds
Squad/Parts/Engine/solidBoosterBACC/model000.mu
Squad/Parts/Engine/solidBoosterBACC/model001-note:forsomereasonthenormalmapisn'tworkingwhenreferencedfromtheSquadfolder..mu
Squad/Parts/Engine/solidBoosterBACC/model002.dds
Squad/Parts/Engine/solidBoosterBACC/model002.mu
Squad/Parts/FuelTank/adapterTanks/Mk3Adapters.dds
Squad/Parts/FuelTank/adapterTanks/Mk3Adapters.mu
Squad/Parts/FuelTank/fuelTankJumbo-64/model000.dds
Squad/Parts/FuelTank/fuelTankJumbo-64/model000.mu
Squad/Parts/FuelTank/fuelTankJumbo-64/model001.dds
Squad/Parts/FuelTank/fuelTankJumbo-64/model001.mu
Squad/Parts/FuelTank/fuelTankT400/model000.mu
Squad/Parts/FuelTank/fuelTankT800/model000.mu
Squad/Parts/FuelTank/fuelTankT800/model001.mu
Squad/Parts/FuelTank/fuelTankX200-32/model000.dds
Squad/Parts/FuelTank/fuelTankX200-32/model000.mu
Squad/Parts/FuelTank/fuelTankX200-32/model001.dds
Squad/Parts/FuelTank/fuelTankX200-32/model001.mu
Squad/Parts/FuelTank/miniFuselage/Fuselage.mu
Squad/Parts/FuelTank/mk2Adapters/mk2adapters1m.dds
Squad/Parts/FuelTank/mk2FuselageLong/mk2Fuselage.dds
Squad/Parts/FuelTank/mk3Fuselage/Mk3Fuselage.dds
Squad/Parts/FuelTank/RCStankRadialLong/ksp_r_rcsCylTank_diff.dds
Squad/Parts/FuelTank/Size3Tanks/fueltTanks_cm.dds
Squad/Parts/FuelTank/xenonTank/model000.dds
Squad/Parts/FuelTank/xenonTank/model000.mu
Squad/Parts/Resources/MiniDrill/ksp_r_rockProbe_diff.dds
Squad/Parts/Science/GooExperiment/GooExperiment.dds
Squad/Parts/Science/MaterialBay/science_module_small.dds
Squad/Parts/Science/MaterialBay/science_module_small_emit.dds
Squad/Parts/Science/MaterialBay/science_module_small_nrm.dds
Squad/Parts/Structural/mk1Parts/Fuselage.mu
Squad/Parts/Structural/mk1Parts/Mk1Structural.dds
Squad/Parts/Structural/mk1Parts/StructuralHollow.mu
Squad/Parts/Structural/Size3Decoupler/decoupler_and_adaptor_cm.dds
Squad/Parts/Structural/structuralPanel1x1/model000.dds
Squad/Parts/Structural/structuralPanel1x1/model000.mu
Squad/Parts/Structural/structuralPanel1x1/model001.dds
Squad/Parts/Structural/structuralPanel1x1/model001.mu
Squad/Parts/Structural/trussGirderXL/model.mu
Squad/Parts/Utility/commsAntennaDTS-M1/mediumDishAntenna.dds
Squad/Parts/Utility/dockingPort/model000.dds
Squad/Parts/Utility/dockingPort/model000.mu
Squad/Parts/Utility/dockingPortSr/model000.dds
Squad/Parts/Utility/dockingPortSr/model000.mu
Squad/Parts/Utility/launchClamp1/model000.dds
Squad/Parts/Utility/launchClamp1/model000.mu
Squad/Parts/Utility/launchClamp1/model001.dds
Squad/Parts/Utility/launchClamp1/model001.mu
Squad/Parts/Utility/mk2CargoBay/mk2CargoBay.dds
Squad/Parts/Utility/mk2CrewCabin/mk2CrewCabin.cfg Squad/Parts/Utility/mk2CrewCabin/mk2CrewCabin.dds
Squad/Parts/Utility/mk2CrewCabin/mk2CrewCabin_LUM.dds
Squad/Parts/Utility/mk3CargoBay/Mk3CargoBay.dds
Squad/Parts/Utility/mk3CargoBay/Mk3CargoBay.mu
Squad/Parts/Utility/mk3CargoBay/ramp.mu
Squad/Parts/Utility/parachuteMk2-R/model000.dds
Squad/Parts/Utility/parachuteMk2-R/model000.mu
Squad/Parts/Utility/rcsBlockRV-105/rcs.dds
Squad/Parts/Utility/rcsBlockRV-105/rcs.mu
